-- Script was generated by Devart dbForge Studio for MySQL, Version 6.0.315.0
-- Product home page: http://www.devart.com/dbforge/mysql/studio
-- Script date 2018/12/24 16:01:46
-- Server version: 5.7.17-log
-- Client version: 4.1

-- 
-- Disable foreign keys
-- 
/*!40014 SET @OLD_FOREIGN_KEY_CHECKS=@@FOREIGN_KEY_CHECKS, FOREIGN_KEY_CHECKS=0 */;

-- 
-- Set character set the client will use to send SQL statements to the server
--
SET NAMES 'utf8';

-- 
-- Set default database
--
USE company_shop;

--
-- Definition for table email_send_log
--
DROP TABLE IF EXISTS email_send_log;
CREATE TABLE email_send_log (
  id VARCHAR(32) NOT NULL,
  email LONGTEXT NOT NULL COMMENT '联系电话',
  subject VARCHAR(255) DEFAULT NULL COMMENT '主题',
  content TEXT DEFAULT NULL COMMENT '模板类型',
  send_data VARCHAR(255) DEFAULT NULL,
  send_code VARCHAR(255) NOT NULL COMMENT '发送编码',
  response_date DATETIME DEFAULT NULL COMMENT '响应时间',
  try_num INT(2) DEFAULT NULL COMMENT '重发次数',
  msg VARCHAR(250) DEFAULT NULL COMMENT '返回消息',
  status VARCHAR(4) DEFAULT NULL COMMENT '发送状态',
  del_flag VARCHAR(1) NOT NULL DEFAULT '0' COMMENT '删除标记（0：正常；1：删除）',
  remarks VARCHAR(255) DEFAULT NULL COMMENT '备注信息',
  PRIMARY KEY (id)
)
ENGINE = INNODB
CHARACTER SET utf8
COLLATE utf8_general_ci
ROW_FORMAT = DYNAMIC;

--
-- Definition for table email_template
--
DROP TABLE IF EXISTS email_template;
CREATE TABLE email_template (
  id VARCHAR(32) NOT NULL COMMENT '主键',
  name VARCHAR(255) NOT NULL COMMENT '模版名称',
  code VARCHAR(255) NOT NULL COMMENT '模版编码',
  template_subject VARCHAR(20) NOT NULL COMMENT '模版主题',
  template_content TEXT NOT NULL COMMENT '模版内容',
  remarks VARCHAR(255) DEFAULT NULL COMMENT '备注信息',
  update_by VARCHAR(32) DEFAULT NULL COMMENT '更新者',
  create_date DATETIME DEFAULT NULL COMMENT '创建时间',
  del_flag VARCHAR(1) NOT NULL DEFAULT '0' COMMENT '删除标记（0：正常；1：删除）',
  create_by VARCHAR(32) DEFAULT NULL COMMENT '创建者',
  update_date DATETIME DEFAULT NULL COMMENT '更新时间',
  PRIMARY KEY (id)
)
ENGINE = INNODB
AVG_ROW_LENGTH = 16384
CHARACTER SET utf8
COLLATE utf8_general_ci
COMMENT = '邮件发送模板'
ROW_FORMAT = DYNAMIC;

--
-- Definition for table oa_notification
--
DROP TABLE IF EXISTS oa_notification;
CREATE TABLE oa_notification (
  id VARCHAR(32) NOT NULL,
  title VARCHAR(255) NOT NULL COMMENT '标题',
  content LONGTEXT NOT NULL COMMENT '内容',
  status VARCHAR(4) NOT NULL COMMENT '发布状态',
  create_by VARCHAR(32) DEFAULT NULL COMMENT '创建者',
  create_date DATETIME DEFAULT NULL COMMENT '创建时间',
  update_by VARCHAR(32) DEFAULT NULL COMMENT '更新者',
  update_date DATETIME DEFAULT NULL COMMENT '更新时间',
  del_flag VARCHAR(1) NOT NULL DEFAULT '0' COMMENT '删除标记（0：正常；1：删除）',
  remarks VARCHAR(255) DEFAULT NULL COMMENT '备注信息',
  PRIMARY KEY (id)
)
ENGINE = MYISAM
CHARACTER SET utf8
COLLATE utf8_general_ci;

--
-- Definition for table oss_attachment
--
DROP TABLE IF EXISTS oss_attachment;
CREATE TABLE oss_attachment (
  id VARCHAR(32) NOT NULL,
  file_name VARCHAR(50) NOT NULL COMMENT '文件名称',
  user_id VARCHAR(32) DEFAULT NULL COMMENT '用户ID',
  upload_time DATETIME NOT NULL COMMENT '上传时间',
  upload_ip VARCHAR(30) NOT NULL COMMENT '上传的ID',
  file_extension VARCHAR(10) NOT NULL COMMENT '文件扩展名',
  file_path VARCHAR(200) NOT NULL COMMENT '文件路径',
  file_size INT(10) NOT NULL DEFAULT 0 COMMENT '文件大小',
  content_type VARCHAR(100) DEFAULT NULL,
  status VARCHAR(1) NOT NULL DEFAULT '0' COMMENT '状态',
  base_path VARCHAR(250) DEFAULT NULL COMMENT 'oss的根路径',
  create_by VARCHAR(32) DEFAULT NULL,
  create_date DATETIME DEFAULT NULL,
  update_by VARCHAR(32) DEFAULT NULL,
  update_date DATETIME DEFAULT NULL,
  remarks VARCHAR(255) DEFAULT NULL,
  del_flag CHAR(1) DEFAULT NULL,
  PRIMARY KEY (id)
)
ENGINE = INNODB
AVG_ROW_LENGTH = 2048
CHARACTER SET utf8
COLLATE utf8_general_ci
ROW_FORMAT = DYNAMIC;

--
-- Definition for table sms_send_log
--
DROP TABLE IF EXISTS sms_send_log;
CREATE TABLE sms_send_log (
  id VARCHAR(32) NOT NULL,
  phone LONGTEXT NOT NULL COMMENT '联系电话',
  template_name VARCHAR(50) DEFAULT NULL COMMENT '模板名称',
  send_data VARCHAR(255) DEFAULT NULL COMMENT '发送数据',
  send_code VARCHAR(20) DEFAULT NULL,
  try_num INT(2) DEFAULT NULL,
  status VARCHAR(4) NOT NULL COMMENT '发送状态',
  smsid VARCHAR(50) DEFAULT NULL COMMENT '发送响应消息ID',
  code VARCHAR(40) DEFAULT NULL COMMENT '返回码',
  msg VARCHAR(600) DEFAULT NULL COMMENT '返回消息',
  del_flag VARCHAR(1) NOT NULL DEFAULT '0' COMMENT '删除标记（0：正常；1：删除）',
  response_date DATETIME DEFAULT NULL COMMENT '响应时间',
  PRIMARY KEY (id)
)
ENGINE = INNODB
CHARACTER SET utf8
COLLATE utf8_general_ci
ROW_FORMAT = DYNAMIC;

--
-- Definition for table sms_template
--
DROP TABLE IF EXISTS sms_template;
CREATE TABLE sms_template (
  id VARCHAR(32) NOT NULL,
  name VARCHAR(255) NOT NULL COMMENT '模版名称',
  code VARCHAR(255) NOT NULL COMMENT '模版编码',
  business_type VARCHAR(4) NOT NULL COMMENT '业务类型',
  template_content VARCHAR(255) NOT NULL COMMENT '模版内容',
  create_by VARCHAR(32) DEFAULT NULL COMMENT '创建者',
  create_date DATETIME DEFAULT NULL COMMENT '创建时间',
  update_by VARCHAR(32) DEFAULT NULL COMMENT '更新者',
  update_date DATETIME DEFAULT NULL COMMENT '更新时间',
  del_flag VARCHAR(1) NOT NULL DEFAULT '0' COMMENT '删除标记（0：正常；1：删除）',
  remarks VARCHAR(255) DEFAULT NULL COMMENT '备注信息',
  PRIMARY KEY (id)
)
ENGINE = INNODB
CHARACTER SET utf8
COLLATE utf8_general_ci
ROW_FORMAT = DYNAMIC;

--
-- Definition for table sys_data_source
--
DROP TABLE IF EXISTS sys_data_source;
CREATE TABLE sys_data_source (
  id VARCHAR(36) NOT NULL,
  db_key VARCHAR(50) NOT NULL COMMENT '索引关键字',
  description VARCHAR(50) NOT NULL COMMENT '描述',
  driver_class VARCHAR(50) NOT NULL COMMENT '驱动',
  url VARCHAR(200) NOT NULL COMMENT 'URL',
  db_user VARCHAR(50) NOT NULL COMMENT '帐号',
  db_password VARCHAR(50) DEFAULT NULL COMMENT '密码',
  db_type VARCHAR(50) DEFAULT NULL COMMENT '数据库类型',
  db_name VARCHAR(50) DEFAULT NULL COMMENT '数据库名称',
  create_by VARCHAR(32) DEFAULT NULL,
  create_date DATETIME DEFAULT NULL,
  update_by VARCHAR(32) DEFAULT NULL,
  update_date DATETIME DEFAULT NULL,
  remarks VARCHAR(255) DEFAULT NULL,
  del_flag CHAR(1) DEFAULT NULL,
  PRIMARY KEY (id)
)
ENGINE = INNODB
CHARACTER SET utf8
COLLATE utf8_general_ci
ROW_FORMAT = DYNAMIC;

--
-- Definition for table sys_dict_group
--
DROP TABLE IF EXISTS sys_dict_group;
CREATE TABLE sys_dict_group (
  id VARCHAR(32) NOT NULL COMMENT '主键',
  name VARCHAR(100) DEFAULT NULL COMMENT '分组名称',
  code VARCHAR(100) DEFAULT NULL COMMENT '分组编码',
  remarks VARCHAR(100) DEFAULT NULL COMMENT '备注',
  create_by VARCHAR(32) DEFAULT NULL,
  create_date DATETIME DEFAULT NULL,
  update_by VARCHAR(32) DEFAULT NULL,
  update_date DATETIME DEFAULT NULL,
  del_flag CHAR(1) DEFAULT NULL,
  PRIMARY KEY (id)
)
ENGINE = INNODB
AVG_ROW_LENGTH = 1260
CHARACTER SET utf8
COLLATE utf8_general_ci
COMMENT = '字典分组'
ROW_FORMAT = DYNAMIC;

--
-- Definition for table sys_grand
--
DROP TABLE IF EXISTS sys_grand;
CREATE TABLE sys_grand (
  id VARCHAR(64) NOT NULL COMMENT '主键',
  name VARCHAR(255) DEFAULT NULL COMMENT '名字',
  company_logo VARCHAR(255) DEFAULT NULL COMMENT 'logo',
  company_name VARCHAR(255) NOT NULL DEFAULT '' COMMENT '公司名称',
  company_describe VARCHAR(255) DEFAULT NULL COMMENT '公司描述',
  contact VARCHAR(255) NOT NULL DEFAULT '' COMMENT '联系信息',
  create_by VARCHAR(64) DEFAULT NULL COMMENT '创建者',
  create_date DATE DEFAULT NULL COMMENT '创建时间',
  update_by VARCHAR(64) DEFAULT NULL COMMENT '更新者',
  update_date DATETIME DEFAULT NULL COMMENT '更新时间',
  del_flag CHAR(1) NOT NULL DEFAULT '0' COMMENT '删除标记（0：正常；1：删除）',
  remarks VARCHAR(255) DEFAULT NULL COMMENT '备注信息',
  PRIMARY KEY (id)
)
ENGINE = INNODB
AVG_ROW_LENGTH = 4096
CHARACTER SET utf8
COLLATE utf8_general_ci
ROW_FORMAT = DYNAMIC;

--
-- Definition for table sys_grand_classify
--
DROP TABLE IF EXISTS sys_grand_classify;
CREATE TABLE sys_grand_classify (
  id VARCHAR(64) NOT NULL COMMENT '主键',
  grand_id VARCHAR(32) DEFAULT NULL COMMENT '商品id',
  grand_name VARCHAR(255) DEFAULT NULL COMMENT '商品名字',
  icon VARCHAR(255) DEFAULT NULL COMMENT 'icon',
  show_img1 VARCHAR(255) DEFAULT NULL COMMENT '展示图1',
  show_img2 VARCHAR(255) DEFAULT NULL COMMENT '展示图2',
  show_img3 VARCHAR(255) DEFAULT NULL COMMENT '展示图3',
  show_img4 VARCHAR(255) DEFAULT NULL COMMENT '展示图4',
  show_img5 VARCHAR(255) DEFAULT NULL COMMENT '展示图5',
  details_img VARCHAR(255) DEFAULT NULL COMMENT '详情图',
  original VARCHAR(20) DEFAULT NULL COMMENT '原价',
  present VARCHAR(20) DEFAULT NULL COMMENT '销售价',
  is_quality VARCHAR(64) DEFAULT NULL COMMENT '正品保障',
  is_free VARCHAR(64) DEFAULT NULL COMMENT '全场包邮',
  is_return VARCHAR(64) DEFAULT NULL COMMENT '七天退换',
  is_pay VARCHAR(64) DEFAULT NULL COMMENT '先行赔付',
  create_date DATE DEFAULT NULL COMMENT '创建时间',
  update_date DATE DEFAULT NULL COMMENT '更新时间',
  del_flag CHAR(1) NOT NULL DEFAULT '0' COMMENT '删除标记（0：正常；1：删除）',
  PRIMARY KEY (id)
)
ENGINE = INNODB
AVG_ROW_LENGTH = 1365
CHARACTER SET utf8
COLLATE utf8_general_ci
ROW_FORMAT = DYNAMIC;

--
-- Definition for table sys_grand_spec
--
DROP TABLE IF EXISTS sys_grand_spec;
CREATE TABLE sys_grand_spec (
  id VARCHAR(64) NOT NULL COMMENT '主键',
  grand_classify_id VARCHAR(32) DEFAULT NULL COMMENT '商品id',
  size VARCHAR(255) DEFAULT NULL COMMENT '尺寸',
  colour VARCHAR(255) DEFAULT NULL COMMENT '颜色',
  stock VARCHAR(255) DEFAULT NULL COMMENT '库存',
  update_date DATETIME DEFAULT NULL COMMENT '更新时间',
  PRIMARY KEY (id)
)
ENGINE = INNODB
AVG_ROW_LENGTH = 3276
CHARACTER SET utf8
COLLATE utf8_general_ci
ROW_FORMAT = DYNAMIC;

--
-- Definition for table sys_login_log
--
DROP TABLE IF EXISTS sys_login_log;
CREATE TABLE sys_login_log (
  id VARCHAR(32) NOT NULL COMMENT '访问ID',
  login_name VARCHAR(50) DEFAULT '' COMMENT '登录账号',
  login_ip VARCHAR(50) DEFAULT '' COMMENT '登录IP地址',
  login_location VARCHAR(255) DEFAULT '' COMMENT '登录地点',
  browser VARCHAR(50) DEFAULT '' COMMENT '浏览器类型',
  os VARCHAR(50) DEFAULT '' COMMENT '操作系统',
  status CHAR(2) DEFAULT '0' COMMENT '登录状态（0成功 1失败）',
  msg VARCHAR(255) DEFAULT '' COMMENT '提示消息',
  login_time DATETIME DEFAULT NULL COMMENT '访问时间',
  PRIMARY KEY (id)
)
ENGINE = INNODB
AVG_ROW_LENGTH = 148
CHARACTER SET utf8
COLLATE utf8_general_ci
COMMENT = '系统访问记录'
ROW_FORMAT = DYNAMIC;

--
-- Definition for table sys_menu
--
DROP TABLE IF EXISTS sys_menu;
CREATE TABLE sys_menu (
  id VARCHAR(32) NOT NULL,
  name VARCHAR(100) DEFAULT NULL COMMENT '资源路径',
  type VARCHAR(50) DEFAULT NULL COMMENT '资源类型',
  url VARCHAR(200) DEFAULT NULL COMMENT '点击后前往的地址',
  parent_id VARCHAR(32) DEFAULT NULL COMMENT '父编号',
  parent_ids VARCHAR(1000) DEFAULT NULL COMMENT '父编号列表',
  permission VARCHAR(100) DEFAULT NULL COMMENT '权限字符串',
  enabled TINYINT(1) DEFAULT 0 COMMENT '是否显示',
  sort INT(5) DEFAULT NULL COMMENT '排序',
  menu_icon VARCHAR(255) DEFAULT NULL COMMENT '图标',
  remarks VARCHAR(255) DEFAULT NULL COMMENT '摘要',
  create_by VARCHAR(32) DEFAULT NULL,
  create_date DATETIME DEFAULT NULL,
  update_by VARCHAR(32) DEFAULT NULL,
  update_date DATETIME DEFAULT NULL,
  del_flag CHAR(1) DEFAULT NULL,
  PRIMARY KEY (id),
  INDEX idx_sys_resource_parent_id (parent_id),
  INDEX idx_sys_resource_parent_ids (parent_ids(255))
)
ENGINE = INNODB
AVG_ROW_LENGTH = 481
CHARACTER SET utf8
COLLATE utf8_general_ci
ROW_FORMAT = DYNAMIC;

--
-- Definition for table sys_message_template
--
DROP TABLE IF EXISTS sys_message_template;
CREATE TABLE sys_message_template (
  id VARCHAR(32) NOT NULL COMMENT '主键',
  name VARCHAR(255) NOT NULL COMMENT '模版名称',
  code VARCHAR(255) NOT NULL COMMENT '模版编码',
  template_title VARCHAR(255) NOT NULL COMMENT '模版标题',
  template_content TEXT NOT NULL COMMENT '模版内容',
  PRIMARY KEY (id)
)
ENGINE = INNODB
CHARACTER SET utf8
COLLATE utf8_general_ci
COMMENT = '发送消息模板'
ROW_FORMAT = DYNAMIC;

--
-- Definition for table sys_operation_log
--
DROP TABLE IF EXISTS sys_operation_log;
CREATE TABLE sys_operation_log (
  id VARCHAR(64) NOT NULL COMMENT '编号',
  title VARCHAR(255) DEFAULT '' COMMENT '日志标题',
  content VARCHAR(1000) DEFAULT '' COMMENT '日志内容',
  log_type VARCHAR(10) DEFAULT '' COMMENT '操作方式',
  create_by VARCHAR(32) DEFAULT NULL COMMENT '创建者',
  create_date DATETIME DEFAULT NULL COMMENT '创建时间',
  request_uri VARCHAR(255) DEFAULT NULL COMMENT '请求URL',
  browser VARCHAR(255) DEFAULT NULL COMMENT '浏览器',
  os VARCHAR(100) DEFAULT NULL COMMENT '操作系统',
  operation_ip VARCHAR(255) DEFAULT NULL COMMENT '操作IP地址',
  operation_name VARCHAR(255) DEFAULT NULL COMMENT '操作人',
  method VARCHAR(255) DEFAULT NULL COMMENT '操作方法',
  params TEXT DEFAULT NULL COMMENT '数据',
  msg TEXT DEFAULT NULL COMMENT '异常信息',
  status VARCHAR(1) DEFAULT NULL COMMENT '请求状态',
  PRIMARY KEY (id),
  INDEX sys_log_create_by (create_by),
  INDEX sys_log_create_date (create_date),
  INDEX sys_log_request_uri (operation_ip)
)
ENGINE = INNODB
AVG_ROW_LENGTH = 896
CHARACTER SET utf8
COLLATE utf8_general_ci
COMMENT = '日志表'
ROW_FORMAT = DYNAMIC;

--
-- Definition for table sys_organization
--
DROP TABLE IF EXISTS sys_organization;
CREATE TABLE sys_organization (
  id VARCHAR(32) NOT NULL,
  name VARCHAR(100) DEFAULT NULL COMMENT '机构名称',
  parent_id VARCHAR(32) DEFAULT NULL COMMENT '父节点',
  parent_ids VARCHAR(1000) DEFAULT NULL COMMENT '父节点路径',
  create_by VARCHAR(32) DEFAULT NULL,
  create_date DATETIME DEFAULT NULL,
  update_by VARCHAR(32) DEFAULT NULL,
  update_date DATETIME DEFAULT NULL,
  del_flag CHAR(1) DEFAULT NULL COMMENT '删除标记',
  remarks VARCHAR(255) DEFAULT NULL,
  PRIMARY KEY (id),
  INDEX idx_sys_organization_parent_id (parent_id),
  INDEX idx_sys_organization_parent_ids (parent_ids(255))
)
ENGINE = INNODB
AVG_ROW_LENGTH = 8192
CHARACTER SET utf8
COLLATE utf8_general_ci
ROW_FORMAT = DYNAMIC;

--
-- Definition for table sys_role
--
DROP TABLE IF EXISTS sys_role;
CREATE TABLE sys_role (
  id VARCHAR(64) NOT NULL COMMENT '编号',
  name VARCHAR(100) NOT NULL COMMENT '角色名称',
  code VARCHAR(255) DEFAULT NULL COMMENT '英文名称',
  is_sys VARCHAR(64) DEFAULT NULL COMMENT '是否系统数据',
  usable VARCHAR(64) DEFAULT NULL COMMENT '是否可用',
  create_by VARCHAR(64) DEFAULT NULL COMMENT '创建者',
  create_date DATETIME DEFAULT NULL COMMENT '创建时间',
  update_by VARCHAR(64) DEFAULT NULL COMMENT '更新者',
  update_date DATETIME DEFAULT NULL COMMENT '更新时间',
  remarks VARCHAR(255) DEFAULT NULL COMMENT '备注信息',
  del_flag CHAR(1) NOT NULL DEFAULT '0' COMMENT '删除标记',
  PRIMARY KEY (id),
  INDEX sys_role_del_flag (del_flag),
  INDEX sys_role_enname (code)
)
ENGINE = INNODB
AVG_ROW_LENGTH = 8192
CHARACTER SET utf8
COLLATE utf8_general_ci
COMMENT = '角色表'
ROW_FORMAT = DYNAMIC;

--
-- Definition for table sys_role_menu
--
DROP TABLE IF EXISTS sys_role_menu;
CREATE TABLE sys_role_menu (
  id VARCHAR(32) NOT NULL COMMENT '编号',
  menu_id VARCHAR(32) NOT NULL COMMENT '菜单编号',
  role_id VARCHAR(32) NOT NULL COMMENT '角色编号',
  PRIMARY KEY (id),
  INDEX sys_role_menu_menuid (menu_id),
  INDEX sys_role_menu_roleid (role_id)
)
ENGINE = INNODB
AVG_ROW_LENGTH = 481
CHARACTER SET utf8
COLLATE utf8_general_ci
COMMENT = '角色-菜单'
ROW_FORMAT = DYNAMIC;

--
-- Definition for table sys_sessions
--
DROP TABLE IF EXISTS sys_sessions;
CREATE TABLE sys_sessions (
  id VARCHAR(200) NOT NULL DEFAULT '',
  session VARCHAR(2000) DEFAULT NULL,
  PRIMARY KEY (id)
)
ENGINE = INNODB
CHARACTER SET utf8
COLLATE utf8_general_ci
ROW_FORMAT = DYNAMIC;

--
-- Definition for table sys_user
--
DROP TABLE IF EXISTS sys_user;
CREATE TABLE sys_user (
  id VARCHAR(32) NOT NULL COMMENT '主键',
  realname VARCHAR(255) DEFAULT NULL COMMENT '真实名称',
  username VARCHAR(100) NOT NULL COMMENT '用户名',
  portrait VARCHAR(250) DEFAULT NULL COMMENT '头像',
  password VARCHAR(100) DEFAULT NULL COMMENT '密码',
  salt VARCHAR(100) DEFAULT NULL,
  email VARCHAR(20) DEFAULT NULL COMMENT '邮件',
  phone VARCHAR(20) DEFAULT NULL COMMENT '联系电话',
  status VARCHAR(255) DEFAULT NULL COMMENT '系统用户的状态',
  create_by VARCHAR(32) DEFAULT NULL,
  create_date DATETIME DEFAULT NULL,
  update_by VARCHAR(32) DEFAULT NULL,
  update_date DATETIME DEFAULT NULL,
  remarks VARCHAR(255) DEFAULT NULL,
  del_flag CHAR(1) DEFAULT NULL,
  PRIMARY KEY (id),
  UNIQUE INDEX idx_sys_user_email (email),
  UNIQUE INDEX idx_sys_user_phone (phone),
  UNIQUE INDEX idx_sys_user_username (username)
)
ENGINE = INNODB
AVG_ROW_LENGTH = 8192
CHARACTER SET utf8
COLLATE utf8_general_ci
ROW_FORMAT = DYNAMIC;

--
-- Definition for table sys_user_organization
--
DROP TABLE IF EXISTS sys_user_organization;
CREATE TABLE sys_user_organization (
  id VARCHAR(32) NOT NULL COMMENT '编号',
  user_id VARCHAR(32) NOT NULL COMMENT '用户主键',
  organization_id VARCHAR(32) NOT NULL COMMENT '部门主键',
  PRIMARY KEY (id),
  INDEX sys_user_role_roleid (organization_id),
  INDEX sys_user_role_userid (user_id)
)
ENGINE = INNODB
AVG_ROW_LENGTH = 2730
CHARACTER SET utf8
COLLATE utf8_general_ci
COMMENT = '用户-部门'
ROW_FORMAT = DYNAMIC;

--
-- Definition for table sys_user_role
--
DROP TABLE IF EXISTS sys_user_role;
CREATE TABLE sys_user_role (
  id VARCHAR(32) NOT NULL COMMENT '编号',
  user_id VARCHAR(32) NOT NULL COMMENT '用户编号',
  role_id VARCHAR(32) NOT NULL COMMENT '角色编号',
  PRIMARY KEY (id),
  INDEX sys_user_role_roleid (role_id),
  INDEX sys_user_role_userid (user_id)
)
ENGINE = INNODB
AVG_ROW_LENGTH = 4096
CHARACTER SET utf8
COLLATE utf8_general_ci
COMMENT = '用户-角色'
ROW_FORMAT = DYNAMIC;

--
-- Definition for table task_schedule_job
--
DROP TABLE IF EXISTS task_schedule_job;
CREATE TABLE task_schedule_job (
  id VARCHAR(32) NOT NULL,
  cron_expression VARCHAR(255) NOT NULL COMMENT 'cron表达式',
  method_name VARCHAR(255) NOT NULL COMMENT '任务调用的方法名',
  method_params VARCHAR(255) DEFAULT NULL COMMENT '请求参数',
  misfire_policy VARCHAR(4) DEFAULT NULL COMMENT '执行策略',
  is_concurrent VARCHAR(255) DEFAULT NULL COMMENT '任务是否有状态',
  description VARCHAR(255) DEFAULT NULL COMMENT '任务描述',
  update_by VARCHAR(64) DEFAULT NULL COMMENT '更新者',
  create_date DATETIME DEFAULT NULL COMMENT '创建时间',
  job_status VARCHAR(255) DEFAULT NULL COMMENT '任务状态',
  job_group VARCHAR(255) DEFAULT NULL COMMENT '任务分组',
  update_date DATETIME DEFAULT NULL COMMENT '更新时间',
  create_by VARCHAR(64) DEFAULT NULL COMMENT '创建者',
  execute_class VARCHAR(255) DEFAULT NULL COMMENT 'Spring bean',
  job_name VARCHAR(255) DEFAULT NULL COMMENT '任务名',
  load_way VARCHAR(1) DEFAULT NULL COMMENT '加载任务方式',
  PRIMARY KEY (id)
)
ENGINE = INNODB
CHARACTER SET utf8
COLLATE utf8_general_ci
ROW_FORMAT = DYNAMIC;

--
-- Definition for table task_schedule_job_log
--
DROP TABLE IF EXISTS task_schedule_job_log;
CREATE TABLE task_schedule_job_log (
  id VARCHAR(32) NOT NULL COMMENT '任务日志ID',
  job_name VARCHAR(64) NOT NULL COMMENT '任务名称',
  job_group VARCHAR(64) NOT NULL COMMENT '任务组名',
  method_name VARCHAR(500) DEFAULT NULL COMMENT '任务方法',
  method_params VARCHAR(200) DEFAULT '' COMMENT '方法参数',
  job_message VARCHAR(500) DEFAULT NULL COMMENT '日志信息',
  status CHAR(2) DEFAULT '0' COMMENT '执行状态（0正常 1失败）',
  exception_info TEXT DEFAULT NULL COMMENT '异常信息',
  create_time DATETIME DEFAULT NULL COMMENT '创建时间',
  PRIMARY KEY (id)
)
ENGINE = INNODB
CHARACTER SET utf8
COLLATE utf8_general_ci
COMMENT = '定时任务调度日志表'
ROW_FORMAT = DYNAMIC;

--
-- Definition for table sys_dict
--
DROP TABLE IF EXISTS sys_dict;
CREATE TABLE sys_dict (
  id VARCHAR(32) NOT NULL COMMENT '主键',
  gid VARCHAR(32) DEFAULT NULL COMMENT '分组ID',
  label VARCHAR(100) DEFAULT NULL COMMENT '键值键',
  value VARCHAR(100) DEFAULT NULL COMMENT '值',
  sort INT(5) DEFAULT NULL COMMENT '排序',
  remarks VARCHAR(100) DEFAULT NULL COMMENT '描述',
  create_by VARCHAR(32) DEFAULT NULL,
  create_date DATETIME DEFAULT NULL,
  update_by VARCHAR(32) DEFAULT NULL,
  update_date DATETIME DEFAULT NULL,
  del_flag CHAR(1) DEFAULT NULL,
  PRIMARY KEY (id),
  CONSTRAINT sys_dict_groupid_key FOREIGN KEY (gid)
    REFERENCES sys_dict_group(id) ON DELETE RESTRICT ON UPDATE RESTRICT
)
ENGINE = INNODB
AVG_ROW_LENGTH = 442
CHARACTER SET utf8
COLLATE utf8_general_ci
COMMENT = '数据字典'
ROW_FORMAT = DYNAMIC;

--
-- Definition for table sys_message
--
DROP TABLE IF EXISTS sys_message;
CREATE TABLE sys_message (
  id VARCHAR(32) NOT NULL COMMENT '主键',
  title VARCHAR(255) NOT NULL COMMENT '标题',
  content TEXT NOT NULL COMMENT '模版内容',
  is_read TINYINT(1) DEFAULT NULL COMMENT '是否阅读',
  read_uid VARCHAR(32) DEFAULT NULL COMMENT '阅读的用户ID',
  read_uname VARCHAR(250) DEFAULT NULL COMMENT '阅读的人',
  read_date DATETIME DEFAULT NULL COMMENT '阅读时间',
  send_date DATETIME DEFAULT NULL,
  PRIMARY KEY (id),
  CONSTRAINT sys_message_read_uid FOREIGN KEY (read_uid)
    REFERENCES sys_user(id) ON DELETE RESTRICT ON UPDATE RESTRICT
)
ENGINE = INNODB
CHARACTER SET utf8
COLLATE utf8_general_ci
COMMENT = '发送消息'
ROW_FORMAT = DYNAMIC;

-- 
-- Dumping data for table email_send_log
--

-- Table company_shop.email_send_log does not contain any data (it is empty)

-- 
-- Dumping data for table email_template
--
INSERT INTO company_shop.email_template(id, name, code, template_subject, template_content, remarks, update_by, create_date, del_flag, create_by, update_date) VALUES
('143333b33b53494494f6d6608c5df75c', 'company邮箱激活', 'a7kilpsgdd', 'company邮箱激活', '&lt;table border=&quot;0&quot; cellpadding=&quot;0&quot; cellspacing=&quot;0&quot; style=&quot;width: 600px; border: 1px solid #ddd; border-radius: 3px; color: #555; font-family: ''Helvetica Neue Regular'',Helvetica,Arial,Tahoma,''Microsoft YaHei'',''San Francisco'',''微软雅黑'',''Hiragino Sans GB'',STHeitiSC-Light; font-size: 12px; height: auto; margin: auto; overflow: hidden; text-align: left; word-break: break-all; word-wrap: break-word;&quot;&gt; \r\n    &lt;tbody style=&quot;margin: 0; padding: 0;&quot;&gt; \r\n     &lt;tr style=&quot;background-color: #393D49; height: 60px; margin: 0; padding: 0;&quot;&gt; \r\n      &lt;td style=&quot;margin: 0; padding: 0;&quot;&gt; \r\n       &lt;div style=&quot;color: #5EB576; margin: 0; margin-left: 30px; padding: 0;&quot;&gt;&lt;span style=&quot;font-size: 14px; text-decoration-style: initial; text-decoration-color: initial;&quot;&gt;company帐号注册-邮箱激活&lt;/span&gt;&lt;br&gt;&lt;/div&gt; &lt;/td&gt; \r\n     &lt;/tr&gt; \r\n     &lt;tr style=&quot;margin: 0; padding: 0;&quot;&gt; \r\n      &lt;td style=&quot;margin: 0; padding: 30px;&quot;&gt; &lt;p style=&quot;line-height: 20px; margin: 0; margin-bottom: 10px; padding: 0;&quot;&gt; Hi，&lt;em style=&quot;font-weight: 700;&quot;&gt;${username}&lt;/em&gt;，请完成以下操作： &lt;/p&gt; \r\n       &lt;div style=&quot;&quot;&gt; \r\n        &lt;a href=&quot;http://127.0.0.1:8080/admin/register/activate?token=${token}&quot; style=&quot;background-color: #009E94; color: #fff; display: inline-block; height: 32px; line-height: 32px; margin: 0 15px 0 0; padding: 0 15px; text-decoration: none;&quot; target=&quot;_blank&quot; rel=&quot;noopener&quot;&gt;立即激活邮箱&lt;/a&gt; \r\n       &lt;/div&gt; &lt;p style=&quot;line-height: 20px; margin-top: 20px; padding: 10px; background-color: #f2f2f2; font-size: 12px;&quot;&gt; 如果该邮件不是由你本人操作，请勿进行激活！否则你的邮箱将会被他人绑定。 &lt;/p&gt; &lt;/td&gt; \r\n     &lt;/tr&gt; \r\n     &lt;tr style=&quot;background-color: #fafafa; color: #999; height: 35px; margin: 0; padding: 0; text-align: center;&quot;&gt; \r\n      &lt;td style=&quot;margin: 0; padding: 0;&quot;&gt;系统邮件，请勿直接回复。&lt;/td&gt; \r\n     &lt;/tr&gt; \r\n    &lt;/tbody&gt; \r\n   &lt;/table&gt; \r\n   &lt;style type=&quot;text/css&quot;&gt;\r\n      .qmbox style, .qmbox script, .qmbox head, .qmbox link, .qmbox meta {display: none !important;}\r\n   &lt;/style&gt;', NULL, '4028ea815a3d2a8c015a3d2f8d2a0002', '2018-12-19 01:55:05', '0', '4028ea815a3d2a8c015a3d2f8d2a0002', '2018-12-25 09:44:25');
INSERT INTO company_shop.email_template(id, name, code, template_subject, template_content, remarks, update_by, create_date, del_flag, create_by, update_date) VALUES
('3310a774ac274a00821b8f041accde57', 'company找回密码', '4v9ko407dc', 'company找回密码', '&lt;table border=&quot;0&quot; cellpadding=&quot;0&quot; cellspacing=&quot;0&quot; style=&quot;width: 600px; border: 1px solid #ddd; border-radius: 3px; color: #555; font-family: ''Helvetica Neue Regular'',Helvetica,Arial,Tahoma,''Microsoft YaHei'',''San Francisco'',''微软雅黑'',''Hiragino Sans GB'',STHeitiSC-Light; font-size: 12px; height: auto; margin: auto; overflow: hidden; text-align: left; word-break: break-all; word-wrap: break-word;&quot;&gt; \r\n    &lt;tbody style=&quot;margin: 0; padding: 0;&quot;&gt; \r\n     &lt;tr style=&quot;background-color: #393D49; height: 60px; margin: 0; padding: 0;&quot;&gt; \r\n      &lt;td style=&quot;margin: 0; padding: 0;&quot;&gt; \r\n       &lt;div style=&quot;text-align: center; color: rgb(94, 181, 118); margin: 0px 0px 0px 30px; padding: 0px;&quot;&gt;&lt;span style=&quot;font-size: 14px; text-decoration-style: initial; text-decoration-color: initial;&quot;&gt;company帐号密码找回&lt;/span&gt;&lt;br&gt;&lt;/div&gt; &lt;/td&gt; \r\n     &lt;/tr&gt; \r\n     &lt;tr style=&quot;margin: 0; padding: 0;&quot;&gt; \r\n      &lt;td style=&quot;margin: 0; padding: 30px;&quot;&gt; &lt;p style=&quot;text-align: center; line-height: 20px; margin: 0px 0px 10px; padding: 0px;&quot;&gt;&lt;b&gt;&lt;i&gt;点击立即修改按钮进行密码重置&lt;/i&gt;&lt;/b&gt;&lt;/p&gt;&lt;p style=&quot;text-align: center; line-height: 20px; margin: 0px 0px 10px; padding: 0px;&quot;&gt;&lt;em style=&quot;font-weight: 700;&quot;&gt;${tips}&lt;/em&gt;&lt;/p&gt; \r\n       &lt;div style=&quot;text-align: center; &quot;&gt;&lt;a href=&quot;http://127.0.0.1:8080/admin/register/reset?token=${token}&quot; style=&quot;background-color: #009E94; color: #fff; display: inline-block; height: 32px; line-height: 32px; margin: 0 15px 0 0; padding: 0 15px; text-decoration: none;&quot; target=&quot;_blank&quot; rel=&quot;noopener&quot;&gt;立即修改&lt;/a&gt;&lt;/div&gt;&lt;div style=&quot;text-align: center; &quot;&gt;&lt;span style=&quot;font-family: &quot; helvetica=&quot;&quot; neue=&quot;&quot; regular&quot;,=&quot;&quot; helvetica,=&quot;&quot; arial,=&quot;&quot; tahoma,=&quot;&quot; &quot;microsoft=&quot;&quot; yahei&quot;,=&quot;&quot; &quot;san=&quot;&quot; francisco&quot;,=&quot;&quot; 微软雅黑,=&quot;&quot; &quot;hiragino=&quot;&quot; sans=&quot;&quot; gb&quot;,=&quot;&quot; stheitisc-light;=&quot;&quot; font-size:=&quot;&quot; 12px;=&quot;&quot; text-align:=&quot;&quot; left;=&quot;&quot; background-color:=&quot;&quot; rgb(247,=&quot;&quot; 247,=&quot;&quot; 247);&quot;=&quot;&quot;&gt;&lt;p style=&quot;line-height: 20px; margin-top: 20px; padding: 10px; background-color: #f2f2f2; font-size: 12px;&quot;&gt;如果该邮件不是由你本人操作，请勿进行修改！&lt;/p&gt;&lt;/span&gt;&lt;/div&gt; &lt;/td&gt; \r\n     &lt;/tr&gt; \r\n     &lt;tr style=&quot;background-color: #fafafa; color: #999; height: 35px; margin: 0; padding: 0; text-align: center;&quot;&gt; \r\n      &lt;td style=&quot;margin: 0; padding: 0;&quot;&gt;系统邮件,请勿直接回复.&lt;/td&gt; \r\n     &lt;/tr&gt; \r\n    &lt;/tbody&gt; \r\n   &lt;/table&gt; \r\n   &lt;style type=&quot;text/css&quot;&gt;\r\n      .qmbox style, .qmbox script, .qmbox head, .qmbox link, .qmbox meta {display: none !important;}\r\n   &lt;/style&gt;', NULL, '4028ea815a3d2a8c015a3d2f8d2a0002', '2018-12-25 03:55:16', '0', '4028ea815a3d2a8c015a3d2f8d2a0002', '2018-12-25 09:44:45');
INSERT INTO company_shop.email_template(id, name, code, template_subject, template_content, remarks, update_by, create_date, del_flag, create_by, update_date) VALUES
('5774998b3f524059b345b03e58c869ae', 'company-提示', '6b0q6ue7lj', 'company-提示', '&lt;table border=&quot;0&quot; cellpadding=&quot;0&quot; cellspacing=&quot;0&quot; style=&quot;width: 600px; border: 1px solid #ddd; border-radius: 3px; color: #555; font-family: ''Helvetica Neue Regular'',Helvetica,Arial,Tahoma,''Microsoft YaHei'',''San Francisco'',''微软雅黑'',''Hiragino Sans GB'',STHeitiSC-Light; font-size: 12px; height: auto; margin: auto; overflow: hidden; text-align: left; word-break: break-all; word-wrap: break-word;&quot;&gt; \r\n    &lt;tbody style=&quot;margin: 0; padding: 0;&quot;&gt; \r\n     &lt;tr style=&quot;background-color: #393D49; height: 60px; margin: 0; padding: 0;&quot;&gt; \r\n      &lt;td style=&quot;margin: 0; padding: 0;&quot;&gt; \r\n       &lt;div style=&quot;text-align: center; color: rgb(94, 181, 118); margin: 0px 0px 0px 30px; padding: 0px;&quot;&gt;&lt;span style=&quot;font-size: 14px; text-decoration-style: initial; text-decoration-color: initial;&quot;&gt;提示&lt;/span&gt;&lt;br&gt;&lt;/div&gt; &lt;/td&gt; \r\n     &lt;/tr&gt; \r\n     &lt;tr style=&quot;margin: 0; padding: 0;&quot;&gt; \r\n      &lt;td style=&quot;margin: 0; padding: 30px;&quot;&gt; &lt;p style=&quot;text-align: center; line-height: 20px; margin: 0px 0px 10px; padding: 0px;&quot;&gt;&lt;em style=&quot;font-weight: 700;&quot;&gt;${tips}&lt;/em&gt;&lt;/p&gt; \r\n       &lt;div style=&quot;text-align: center; &quot;&gt;&lt;a href=&quot;http://127.0.0.1:8080/admin/login&quot; style=&quot;background-color: #009E94; color: #fff; display: inline-block; height: 32px; line-height: 32px; margin: 0 15px 0 0; padding: 0 15px; text-decoration: none;&quot; target=&quot;_blank&quot; rel=&quot;noopener&quot;&gt;返回登录&lt;/a&gt;&lt;/div&gt; &lt;/td&gt; \r\n     &lt;/tr&gt; \r\n     &lt;tr style=&quot;background-color: #fafafa; color: #999; height: 35px; margin: 0; padding: 0; text-align: center;&quot;&gt; \r\n      &lt;td style=&quot;margin: 0; padding: 0;&quot;&gt;系统邮件,请勿直接回复.&lt;/td&gt; \r\n     &lt;/tr&gt; \r\n    &lt;/tbody&gt; \r\n   &lt;/table&gt; \r\n   &lt;style type=&quot;text/css&quot;&gt;\r\n      .qmbox style, .qmbox script, .qmbox head, .qmbox link, .qmbox meta {display: none !important;}\r\n   &lt;/style&gt;', NULL, '4028ea815a3d2a8c015a3d2f8d2a0002', '2018-12-24 06:03:02', '0', '4028ea815a3d2a8c015a3d2f8d2a0002', '2018-12-25 09:45:03');

-- 
-- Dumping data for table oa_notification
--

-- Table company_shop.oa_notification does not contain any data (it is empty)

-- 
-- Dumping data for table oss_attachment
--

-- Table company_shop.oss_attachment does not contain any data (it is empty)

-- 
-- Dumping data for table sms_send_log
--

-- Table company_shop.sms_send_log does not contain any data (it is empty)

-- 
-- Dumping data for table sms_template
--

-- Table company_shop.sms_template does not contain any data (it is empty)

-- 
-- Dumping data for table sys_data_source
--

-- Table company_shop.sys_data_source does not contain any data (it is empty)

-- 
-- Dumping data for table sys_dict_group
--
INSERT INTO sys_dict_group VALUES
('0a44514f07c64f2d867b5d88a879c795', '菜单动作行为', 'mpmenutype', '菜单动作行为', '4028ea815a3d2a8c015a3d2f8d2a0002', '2017-10-23 22:27:02', '4028ea815a3d2a8c015a3d2f8d2a0002', '2018-03-23 09:45:44', '0'),
('0bf0a5f4378748c1b6b759aea7da9c72', '日志类型', 'logType', '日志类型', '4028ea815a3d2a8c015a3d2f8d2a0002', '2018-09-30 23:54:01', NULL, NULL, '0'),
('40281e815ced1f27015ced2be5330003', '性别', 'sex', '性别', NULL, NULL, NULL, NULL, '0'),
('40288ab85a20b609015a20c3f7bf0002', '是否', 'sf', '是否', NULL, NULL, NULL, NULL, '0'),
('40288ab85bf1549e015bf17370ff0000', '用户登陆状态', 'onlinestatus', '', NULL, NULL, NULL, NULL, '0'),
('40288ab85c8593cd015c859b1fcf0010', '短信业务类型', 'businesstype', '短信业务类型', NULL, NULL, NULL, NULL, '0'),
('4ce6a66f28be454ba614339d0b018d4e', '菜单类型', 'menutype', 'menutype', '4028ea815a3d2a8c015a3d2f8d2a0002', '2018-08-24 14:53:19', '4028ea815a3d2a8c015a3d2f8d2a0002', '2018-08-24 14:54:27', '0'),
('79d26e50f69a45479bdac723beea4811', '订单编码', 'productOrderStatus', '订单编码', '4028ea815a3d2a8c015a3d2f8d2a0002', '2018-09-19 16:43:37', NULL, NULL, '0'),
('7a4ed165f128484787a119179b7c18fd', '任务加载方式', 'loadway', '任务加载方式', '4028ea815a3d2a8c015a3d2f8d2a0002', '2018-08-20 15:00:01', '4028ea815a3d2a8c015a3d2f8d2a0002', '2018-08-27 16:46:02', '0'),
('9f28ef405c63412f9ef6524edb4adc68', '执行策略', 'misfirePolicy', '执行策略', '4028ea815a3d2a8c015a3d2f8d2a0002', '2018-09-17 15:37:42', NULL, NULL, '0'),
('c8da4e4534924bb19cd106fbde174d4e', '授权期限', 'authorizationPeriod', '授权期限', '4028ea815a3d2a8c015a3d2f8d2a0002', '2018-09-19 11:16:48', NULL, NULL, '0'),
('d8fd027d0743468c828d7d068239d483', '登陆状态', 'loginstatus', '登陆状态', '4028ea815a3d2a8c015a3d2f8d2a0002', '2018-09-28 13:15:00', NULL, NULL, '0'),
('f8a0d22e387445b29f6c238e252c7068', '项目类型', 'projecttype', 'projecttype', '4028ea815a3d2a8c015a3d2f8d2a0002', '2018-09-01 15:21:57', '4028ea815a3d2a8c015a3d2f8d2a0002', '2018-09-19 11:09:05', '0');

-- 
-- Dumping data for table sys_grand
--
INSERT INTO sys_grand VALUES
('2adf90f59ca549ff830267209985646f', '8787', '', '787', '11', '15423587963', '4028ea815a3d2a8c015a3d2f8d2a0002', '2018-12-07', '4028ea815a3d2a8c015a3d2f8d2a0002', '2018-12-07 08:04:58', '0', ''),
('7f2356e57ea544dda1f02f52c57c7441', '美好', '', '美好电器', '', '14568965234', '4028ea815a3d2a8c015a3d2f8d2a0002', '2018-12-04', '4028ea815a3d2a8c015a3d2f8d2a0002', '2018-12-07 08:04:16', '0', '3'),
('96f0e73c4bdf487a8932607491ff29a5', '得力', 'E:/New/tmp_upload/hellows/test/2018/12/06/1544065974104.jpg', '得力公司', '得力得力=', '15423684481', '4028ea815a3d2a8c015a3d2f8d2a0002', '2018-12-06', '4028ea815a3d2a8c015a3d2f8d2a0002', '2018-12-07 08:04:31', '0', ''),
('d850a07cf6074345a017f794f2db9edb', '友臣', 'E:/New/tmp_upload/hellows/test/2018/11/29/1543461143579.jpg', '友臣公司', '食品制作', '15648852365', '4028ea815a3d2a8c015a3d2f8d2a0002', '2018-11-29', '4028ea815a3d2a8c015a3d2f8d2a0002', '2018-12-07 08:04:45', '0', '无');

-- 
-- Dumping data for table sys_grand_classify
--
INSERT INTO sys_grand_classify VALUES
('082e21c756e349d087ef75219e749526', 'af39e7354c3e4f44aedfb876c6a417a3', '鱼干', '', '', '', '', '', '', '', '32', '333', '0', '1', '0', '1', '2018-12-05', '2018-12-05', '0'),
('13218e7366bc491ba68c199f4d10c6eb', '7f2356e57ea544dda1f02f52c57c7441', '咩好', '', '', '', '', '', '', '', '12', '3333', '0', '1', '0', '1', '2018-12-05', '2018-12-06', '0'),
('13310f63015242db9f872459ba379a47', '7f2356e57ea544dda1f02f52c57c7441', '475', 'E:/New/tmp_upload/hellows/test/2018/12/07/1544151345880.jpg', 'E:/New/tmp_upload/hellows/test/2018/12/07/1544151349107.jpg', 'E:/New/tmp_upload/hellows/test/2018/12/07/1544151351595.jpg', 'E:/New/tmp_upload/hellows/test/2018/12/07/1544151353886.jpg', '', '', '', '54545', '55', '0', '1', '0', '1', '2018-12-07', NULL, '0'),
('947d48ef3e2a4881922558c0bd36dca6', '96f0e73c4bdf487a8932607491ff29a5', '得力柒', 'E:/New/tmp_upload/hellows/test/2018/12/06/1544066039351.jpg', 'E:/New/tmp_upload/hellows/test/2018/12/06/1544066042196.jpg', 'E:/New/tmp_upload/hellows/test/2018/12/06/1544066044707.jpg', 'E:/New/tmp_upload/hellows/test/2018/12/06/1544066046831.jpg', 'E:/New/tmp_upload/hellows/test/2018/12/06/1544066050489.jpg', 'E:/New/tmp_upload/hellows/test/2018/12/06/1544066053330.jpg', 'E:/New/tmp_upload/hellows/test/2018/12/06/1544066055654.jpg', '12.1', '2323.3', '1', '1', '1', '1', '2018-12-06', NULL, '0'),
('d91e635ab9cc4cbcb6fa77565f650eb4', 'd850a07cf6074345a017f794f2db9edb', '肉松饼', '', '', '', '', '', '', '', '4', '666', '0', '1', '0', '1', '2018-12-05', '2018-12-05', '0');

-- 
-- Dumping data for table sys_grand_spec
--
INSERT INTO sys_grand_spec VALUES
('010dd442a7a44267bfbe9b41610832e8', '082e21c756e349d087ef75219e749526', '12', '黄色', '2', '2018-12-05 12:01:23'),
('144877fa34ad481abf9c3732e571281b', '947d48ef3e2a4881922558c0bd36dca6', '21', '蓝色', '22', '2018-12-06 03:15:35'),
('66edf88ae3d94fb09047382a4f0e8d91', '13218e7366bc491ba68c199f4d10c6eb', '33', '紫色', '22', '2018-12-05 12:01:05'),
('77c7475f85324b9081a785c5f99ec640', 'd91e635ab9cc4cbcb6fa77565f650eb4', '787', '红色', '23', '2018-12-05 11:45:38'),
('7fb2aa0c6fc84d61be2b1df9941c1660', 'd91e635ab9cc4cbcb6fa77565f650eb4', '47', '绿色', '21', '2018-12-06 02:28:23');

-- 
-- Dumping data for table sys_login_log
--

-- Table company_shop.sys_login_log does not contain any data (it is empty)

-- 
-- Dumping data for table sys_menu
--
INSERT INTO sys_menu VALUES
('004ef02eff6347de8b054834e37e7084', '查询', '3', NULL, '40288ab85a5eecc6015a5ef9f6160005', '40288ab85a5eecc6015a5ef22ad80001/40288ab85a5eecc6015a5ef9f6160005/', 'sys:menu:list', 1, NULL, '', '查询', '4028ea815a3d2a8c015a3d2f8d2a0002', '2018-10-05 12:49:49', NULL, NULL, '0'),
('05e3cd68c0e44f288b5605577c54b696', '登陆日志', '2', '/admin/sys/login/log', '4028ea815a701416015a7075b4f9001f', '4028ea815a701416015a7075b4f9001f/', 'sys:login:log', 1, 3, 'fa-map-o', '登陆日志', '4028ea815a3d2a8c015a3d2f8d2a0002', '2018-09-28 13:09:31', NULL, NULL, '0'),
('0f6ed028011a4e06a90af8edfa0c9dbb', '修改', '3', NULL, '40288ab85a5eecc6015a5ef9f6160005', '40288ab85a5eecc6015a5ef22ad80001/40288ab85a5eecc6015a5ef9f6160005/', 'sys:menu:update', 1, 3, '', '修改', '4028ea815a3d2a8c015a3d2f8d2a0002', '2018-10-05 12:51:35', '4028ea815a3d2a8c015a3d2f8d2a0002', '2018-10-05 14:15:21', '0'),
('1b0a5067b8eb41f4b97a4e5e3dda0d2d', '修改密码', '3', '', '40288ab85a5eecc6015a5ef6ce870002', '40288ab85a5eecc6015a5ef22ad80001/40288ab85a5eecc6015a5ef6ce870002/', 'sys:user:change:password', 1, NULL, '', '修改密码', '4028ea815a3d2a8c015a3d2f8d2a0002', '2018-12-07 06:15:24', NULL, NULL, '0'),
('33e1a4bc19564211a46038a3ea1b20fe', '邮件管理', '1', '', NULL, NULL, '', 1, 1, 'fa-envelope-o', '邮件管理', '4028ea815a3d2a8c015a3d2f8d2a0002', '2018-12-18 10:05:05', NULL, NULL, '0'),
('34e23174debf447a86ad322c466b1020', '删除', '3', NULL, '40288ab85a5eecc6015a5ef9f6160005', '40288ab85a5eecc6015a5ef22ad80001/40288ab85a5eecc6015a5ef9f6160005/', 'sys:menu:delete', 1, NULL, '', '删除', '4028ea815a3d2a8c015a3d2f8d2a0002', '2018-10-05 12:51:52', '4028ea815a3d2a8c015a3d2f8d2a0002', '2018-10-05 14:15:37', '0'),
('35ff47636f044375b54b6be644996c38', '添加', '3', NULL, '40288ab85a5eecc6015a5ef95c700004', '40288ab85a5eecc6015a5ef22ad80001/40288ab85a5eecc6015a5ef95c700004/', 'sys:role:add', 1, NULL, '', '添加', '4028ea815a3d2a8c015a3d2f8d2a0002', '2018-10-05 12:58:20', NULL, NULL, '0'),
('3cd9230ddb20478e9abbd53f6d09ae75', '添加', '3', '', 'e2ac085a9a9749d9932b8d73859ee954', '33e1a4bc19564211a46038a3ea1b20fe/e2ac085a9a9749d9932b8d73859ee954/', 'email:template:add', 1, NULL, '', '添加', '4028ea815a3d2a8c015a3d2f8d2a0002', '2018-12-19 01:52:31', NULL, NULL, '0'),
('40281e815c54d147015c54daf16c0001', '操作日志', '2', '/admin/sys/operation/log', '4028ea815a701416015a7075b4f9001f', '4028ea815a701416015a7075b4f9001f/', 'sys:operation:log', 1, 6, 'fa-book', '操作日志', NULL, NULL, '4028ea815a3d2a8c015a3d2f8d2a0002', '2018-09-30 23:29:31', '0'),
('40288ab85a5eecc6015a5ef22ad80001', '系统设置', '1', NULL, NULL, NULL, '', 1, 2, 'fa-gear', '', NULL, NULL, '4028ea815a3d2a8c015a3d2f8d2a0002', '2018-08-24 15:18:21', '0'),
('40288ab85a5eecc6015a5ef6ce870002', '用户管理', '2', '/admin/sys/user', '40288ab85a5eecc6015a5ef22ad80001', '40288ab85a5eecc6015a5ef22ad80001/', 'sys:user:view', 1, 1, 'fa-user', 'sdfdsfsdfsdfsdfsdfsf', NULL, NULL, '4028ea815a3d2a8c015a3d2f8d2a0002', '2018-10-05 20:24:28', '0'),
('40288ab85a5eecc6015a5ef8f2890003', '部门管理', '2', '/admin/sys/organization', '40288ab85a5eecc6015a5ef22ad80001', '40288ab85a5eecc6015a5ef22ad80001/', 'sys:organization', 1, 2, 'fa-balance-scale', '', NULL, NULL, '4028ea815a3d2a8c015a3d2f8d2a0002', '2018-10-05 14:07:59', '0'),
('40288ab85a5eecc6015a5ef95c700004', '角色管理', '2', '/admin/sys/role', '40288ab85a5eecc6015a5ef22ad80001', '40288ab85a5eecc6015a5ef22ad80001/', 'sys:role:view', 1, 3, 'fa-users', '', NULL, NULL, '4028ea815a3d2a8c015a3d2f8d2a0002', '2018-10-05 20:24:05', '0'),
('40288ab85a5eecc6015a5ef9f6160005', '菜单管理', '2', '/admin/sys/menu', '40288ab85a5eecc6015a5ef22ad80001', '40288ab85a5eecc6015a5ef22ad80001/', 'sys:menu:view', 1, 4, 'fa-align-justify', '', NULL, NULL, '4028ea815a3d2a8c015a3d2f8d2a0002', '2018-10-05 20:26:34', '0'),
('40288ab85a5eecc6015a5efaa75d0006', '数据字典', '2', '/admin/sys/dict/group', '40288ab85a5eecc6015a5ef22ad80001', '40288ab85a5eecc6015a5ef22ad80001/', 'sys:dict', 1, 5, 'fa-yelp', '', NULL, NULL, '4028ea815a3d2a8c015a3d2f8d2a0002', '2018-10-05 20:25:41', '0'),
('40288ab85b604adf015b605023a70000', '在线用户', '2', '/admin/sys/online', '4028ea815a701416015a7075b4f9001f', '4028ea815a701416015a7075b4f9001f/', 'sys:online:list', 1, 1, '', '在线用户', NULL, NULL, NULL, NULL, '0'),
('40288ab85c33548d015c33cdc5a600f3', '附件信息', '2', '/admin/oss/attachment', '4028ea815a701416015a7075b4f9001f', '4028ea815a701416015a7075b4f9001f/', 'oss:attachment:list', 1, 5, '', '', NULL, NULL, '4028ea815a3d2a8c015a3d2f8d2a0002', '2018-08-16 17:36:48', '0'),
('4028ea815a701416015a7075b4f9001f', '系统监控', '1', NULL, NULL, NULL, '', 1, 3, 'fa-video-camera', '', NULL, NULL, '4028ea815a3d2a8c015a3d2f8d2a0002', '2018-08-24 15:18:16', '0'),
('4028ea815a701416015a70766a7a0020', '数据库监控', '2', '/admin/monitor/druid', '4028ea815a701416015a7075b4f9001f', '4028ea815a701416015a7075b4f9001f/', 'monitor:druid:index', 1, 3, '', '', NULL, NULL, NULL, NULL, '0'),
('466f8b5aab4446a8b2dc142a3513a996', '删除', '3', '', 'a3784c268bc942bfab612f2ebf7202ca', '70a6c36cbb314e5a918e2cc9ccb8cffe/a3784c268bc942bfab612f2ebf7202ca/', 'sys:grand:delete', 1, NULL, '', '删除', '4028ea815a3d2a8c015a3d2f8d2a0002', '2018-11-28 08:53:10', NULL, NULL, '0'),
('55df31718bb643d2af588ba308029649', '导出', '3', NULL, '40288ab85a5eecc6015a5ef6ce870002', '40288ab85a5eecc6015a5ef22ad80001/40288ab85a5eecc6015a5ef6ce870002/', 'sys:user:export', 1, NULL, '', '导出', '4028ea815a3d2a8c015a3d2f8d2a0002', '2018-10-05 14:05:56', NULL, NULL, '0'),
('59d1613e398e4319b3564726bd670dbc', '添加', '3', NULL, '40288ab85a5eecc6015a5ef6ce870002', '40288ab85a5eecc6015a5ef22ad80001/40288ab85a5eecc6015a5ef6ce870002/', 'sys:user:add', 1, NULL, '', '添加', '4028ea815a3d2a8c015a3d2f8d2a0002', '2018-10-05 14:01:52', NULL, NULL, '0'),
('5b02a6dc34104ea7baecf8ed3bd206f0', '修改', '3', '', 'a3784c268bc942bfab612f2ebf7202ca', '70a6c36cbb314e5a918e2cc9ccb8cffe/a3784c268bc942bfab612f2ebf7202ca/', 'sys:grand:update', 1, NULL, '', '修改', '4028ea815a3d2a8c015a3d2f8d2a0002', '2018-11-28 08:54:08', NULL, NULL, '0'),
('66232cfca6214d78b5416577df05ee01', '删除', '3', NULL, '40288ab85a5eecc6015a5ef6ce870002', '40288ab85a5eecc6015a5ef22ad80001/40288ab85a5eecc6015a5ef6ce870002/', 'sys:user:delete', 1, NULL, '', '删除', '4028ea815a3d2a8c015a3d2f8d2a0002', '2018-10-05 14:02:35', NULL, NULL, '0'),
('6d53ef7fe9c74146b24e5d00c96a95c1', '查询', '3', NULL, '40288ab85a5eecc6015a5ef6ce870002', '40288ab85a5eecc6015a5ef22ad80001/40288ab85a5eecc6015a5ef6ce870002/', 'sys:user:list', 1, NULL, '', '查询', '4028ea815a3d2a8c015a3d2f8d2a0002', '2018-10-05 14:01:31', NULL, NULL, '0'),
('6f69b26a8a0c4117834f8742b22e5afc', '更新', '3', NULL, '40288ab85a5eecc6015a5ef6ce870002', '40288ab85a5eecc6015a5ef22ad80001/40288ab85a5eecc6015a5ef6ce870002/', 'sys:user:update', 1, NULL, '', '更新', '4028ea815a3d2a8c015a3d2f8d2a0002', '2018-10-05 14:02:12', NULL, NULL, '0'),
('70a6c36cbb314e5a918e2cc9ccb8cffe', '商品管理', '1', '', NULL, NULL, '', 1, 1, 'fa-archive', '', '4028ea815a3d2a8c015a3d2f8d2a0002', '2018-11-27 02:44:43', NULL, NULL, '0'),
('7387f5cbb61b47c69445a533b9a2de27', '查看', '3', '', 'e2ac085a9a9749d9932b8d73859ee954', '33e1a4bc19564211a46038a3ea1b20fe/e2ac085a9a9749d9932b8d73859ee954/', 'email:template:list', 1, NULL, '', '查看', '4028ea815a3d2a8c015a3d2f8d2a0002', '2018-12-19 01:53:02', NULL, NULL, '0'),
('82a341246ceb489f898333d3e6a622be', '修改头像', '3', '', '40288ab85a5eecc6015a5ef95c700004', '40288ab85a5eecc6015a5ef22ad80001/40288ab85a5eecc6015a5ef95c700004/', 'sys:user:avatar', 1, NULL, '', '修改头像', '4028ea815a3d2a8c015a3d2f8d2a0002', '2018-12-04 06:37:23', NULL, NULL, '0'),
('8a386849563e437cac658fdda74ec7ee', '查看', '3', '', '8d96a67d3da7492ebad07ff6254f55e5', '33e1a4bc19564211a46038a3ea1b20fe/8d96a67d3da7492ebad07ff6254f55e5/', 'email:sendlog:list', 1, NULL, '', '查看', '4028ea815a3d2a8c015a3d2f8d2a0002', '2018-12-19 01:54:23', NULL, NULL, '0'),
('8d96a67d3da7492ebad07ff6254f55e5', '邮件日志', '2', '/admin/email/sendlog', '33e1a4bc19564211a46038a3ea1b20fe', '33e1a4bc19564211a46038a3ea1b20fe/', 'email:sendlog:view', 1, 1, 'fa-list', '邮件发送日志', '4028ea815a3d2a8c015a3d2f8d2a0002', '2018-12-18 11:50:09', NULL, NULL, '0'),
('93c7b840d2d449cc8c23f8f3195ede63', '查询', '3', NULL, '40288ab85a5eecc6015a5ef95c700004', '40288ab85a5eecc6015a5ef22ad80001/40288ab85a5eecc6015a5ef95c700004/', 'sys:role:list', 1, NULL, '', '查询', '4028ea815a3d2a8c015a3d2f8d2a0002', '2018-10-05 12:57:53', NULL, NULL, '0'),
('9e662340dfc441f2b5ab3b4a63f7afa8', '查询', '3', '', 'a3784c268bc942bfab612f2ebf7202ca', '70a6c36cbb314e5a918e2cc9ccb8cffe/a3784c268bc942bfab612f2ebf7202ca/', 'sys:grand:list', 1, NULL, '', '查询', '4028ea815a3d2a8c015a3d2f8d2a0002', '2018-11-28 05:43:15', NULL, NULL, '0'),
('a2382df311694fae93d3e801798dd125', '修改', '3', NULL, '40288ab85a5eecc6015a5ef95c700004', '40288ab85a5eecc6015a5ef22ad80001/40288ab85a5eecc6015a5ef95c700004/', 'sys:role:update', 1, NULL, '', '修改', '4028ea815a3d2a8c015a3d2f8d2a0002', '2018-10-05 12:58:47', NULL, NULL, '0'),
('a3784c268bc942bfab612f2ebf7202ca', '品牌管理', '2', '/admin/sys/grand', '70a6c36cbb314e5a918e2cc9ccb8cffe', '70a6c36cbb314e5a918e2cc9ccb8cffe/', 'sys:grand:view', 1, 2, 'fa-dashcube', '', '4028ea815a3d2a8c015a3d2f8d2a0002', '2018-11-27 06:34:30', '4028ea815a3d2a8c015a3d2f8d2a0002', '2018-11-28 05:34:59', '0'),
('ba31cd4c2b514a3e944c2c6120e6a41d', '删除', '3', NULL, '40288ab85a5eecc6015a5ef95c700004', '40288ab85a5eecc6015a5ef22ad80001/40288ab85a5eecc6015a5ef95c700004/', 'sys:role:delete', 1, NULL, '', '删除', '4028ea815a3d2a8c015a3d2f8d2a0002', '2018-10-05 12:59:07', NULL, NULL, '0'),
('d728a6f90d274d5daee3dde8c4c4e885', '商品列表', '2', '/admin/sys/grandSpec/grandClassify', '70a6c36cbb314e5a918e2cc9ccb8cffe', '70a6c36cbb314e5a918e2cc9ccb8cffe/', 'sys:grandSpec', 1, 3, 'fa-list-ul', '商品列表', '4028ea815a3d2a8c015a3d2f8d2a0002', '2018-11-29 08:31:16', '4028ea815a3d2a8c015a3d2f8d2a0002', '2018-12-05 02:59:03', '0'),
('e2ac085a9a9749d9932b8d73859ee954', '邮件模版', '2', '/admin/email/template', '33e1a4bc19564211a46038a3ea1b20fe', '33e1a4bc19564211a46038a3ea1b20fe/', 'email:template:view', 1, 1, 'fa-list', '邮件模版', '4028ea815a3d2a8c015a3d2f8d2a0002', '2018-12-18 11:52:00', NULL, NULL, '0'),
('e894d23a44ea43e59b12310bb90f7a64', '添加', '3', '', 'a3784c268bc942bfab612f2ebf7202ca', '70a6c36cbb314e5a918e2cc9ccb8cffe/a3784c268bc942bfab612f2ebf7202ca/', 'sys:grand:add', 1, NULL, '', '添加', '4028ea815a3d2a8c015a3d2f8d2a0002', '2018-11-28 06:41:20', '4028ea815a3d2a8c015a3d2f8d2a0002', '2018-11-28 08:40:37', '0'),
('fa2cce3b3cc3418e9aa152c07b619769', '角色授权', '3', '', '40288ab85a5eecc6015a5ef95c700004', '40288ab85a5eecc6015a5ef22ad80001/40288ab85a5eecc6015a5ef95c700004/', 'sys:role:authMenu', 1, NULL, '', '角色授权', '4028ea815a3d2a8c015a3d2f8d2a0002', '2018-10-05 15:00:04', '4028ea815a3d2a8c015a3d2f8d2a0002', '2018-10-05 15:00:28', '0'),
('fd89335cd9324bdfb1de17c61ced6675', '新增', '3', NULL, '40288ab85a5eecc6015a5ef9f6160005', '40288ab85a5eecc6015a5ef22ad80001/40288ab85a5eecc6015a5ef9f6160005/', 'sys:menu:add', 1, NULL, '', '新增', '4028ea815a3d2a8c015a3d2f8d2a0002', '2018-10-05 12:50:44', NULL, NULL, '0');

-- 
-- Dumping data for table sys_message_template
--

-- Table company_shop.sys_message_template does not contain any data (it is empty)

-- 
-- Dumping data for table sys_operation_log
--

-- Table company_shop.sys_operation_log does not contain any data (it is empty)

-- 
-- Dumping data for table sys_organization
--
INSERT INTO sys_organization VALUES
('40288ab85b6080e1015b60996d690005', '数立行', NULL, NULL, NULL, NULL, '4028ea815a3d2a8c015a3d2f8d2a0002', '2018-08-16 16:06:40', '0', NULL),
('4028ea815a452f69015a45346f7b0001', '研发部', '40288ab85b6080e1015b60996d690005', '40288ab85b6080e1015b60996d690005/', NULL, NULL, '4028ea815a3d2a8c015a3d2f8d2a0002', '2018-10-05 19:47:18', '0', '');

-- 
-- Dumping data for table sys_role
--
INSERT INTO sys_role VALUES
('402880e45b5d7636015b5d8baca60000', '普通用户', 'normal', '1', '1', NULL, '2017-04-11 23:04:46', '4028ea815a3d2a8c015a3d2f8d2a0002', '2018-08-24 14:19:50', '', '0'),
('40288ab85a362150015a3675ca950006', '系统管理员', 'admin', '1', '1', NULL, '2017-02-13 15:52:53', '4028ea815a3d2a8c015a3d2f8d2a0002', '2018-08-24 13:07:41', '系统管理员', '0');

-- 
-- Dumping data for table sys_role_menu
--
INSERT INTO sys_role_menu VALUES
('00297d4ab866473eaf6aec882f8be322', '70a6c36cbb314e5a918e2cc9ccb8cffe', '40288ab85a362150015a3675ca950006'),
('03a527cbd8844075afbdc92798b0f897', '6d53ef7fe9c74146b24e5d00c96a95c1', '40288ab85a362150015a3675ca950006'),
('0de8dcaf647c42eb95c67c51e689b80b', 'e894d23a44ea43e59b12310bb90f7a64', '40288ab85a362150015a3675ca950006'),
('1d4f9bcd0673405ca39dbd4aa6232135', '8d96a67d3da7492ebad07ff6254f55e5', '40288ab85a362150015a3675ca950006'),
('1df0241bb5ad44f89ab391a7052e8c8f', '40288ab85a5eecc6015a5efaa75d0006', '40288ab85a362150015a3675ca950006'),
('30dbeb2cda1048d6bcf461fb3b8d7f35', '3cd9230ddb20478e9abbd53f6d09ae75', '40288ab85a362150015a3675ca950006'),
('316e7f7241604d24b740e53049adc56d', '9e662340dfc441f2b5ab3b4a63f7afa8', '40288ab85a362150015a3675ca950006'),
('346fe76ab31f48ee8dbfc0912a5ebfb9', '1b0a5067b8eb41f4b97a4e5e3dda0d2d', '40288ab85a362150015a3675ca950006'),
('3f89348ad8d94f71a04427669b67b8ee', '34e23174debf447a86ad322c466b1020', '40288ab85a362150015a3675ca950006'),
('43842ca6d7bb4e53af9d4d79f3e75149', '5b02a6dc34104ea7baecf8ed3bd206f0', '40288ab85a362150015a3675ca950006'),
('438f4438b4424d25aaf1546e4e2bc4ae', '40288ab85a5eecc6015a5ef6ce870002', '40288ab85a362150015a3675ca950006'),
('483bc0e1f472450ab6926c0cae805ed8', 'a3784c268bc942bfab612f2ebf7202ca', '40288ab85a362150015a3675ca950006'),
('4c23e9ec9a9349b9b339932d6bcb2cc7', '05e3cd68c0e44f288b5605577c54b696', '40288ab85a362150015a3675ca950006'),
('5218febb1d3740dc9e369bc3eebd5322', '35ff47636f044375b54b6be644996c38', '40288ab85a362150015a3675ca950006'),
('5ee265e0eddd4e6097d2a7e608f8435c', '0f6ed028011a4e06a90af8edfa0c9dbb', '40288ab85a362150015a3675ca950006'),
('6a928c5e79d94a2aa1850835857093cd', '66232cfca6214d78b5416577df05ee01', '40288ab85a362150015a3675ca950006'),
('86e5a05b561c45ff9c470d49e1718bf9', '4028ea815a701416015a7075b4f9001f', '40288ab85a362150015a3675ca950006'),
('948f70a2c58441f581482552f8f1a63b', '466f8b5aab4446a8b2dc142a3513a996', '40288ab85a362150015a3675ca950006'),
('97905d766fd9460396fdb415c51276b8', '40288ab85b604adf015b605023a70000', '40288ab85a362150015a3675ca950006'),
('9a0db73edbc847f3994d25abac22a53c', 'fd89335cd9324bdfb1de17c61ced6675', '40288ab85a362150015a3675ca950006'),
('9c6d46e8a9be441ea3c8b957ef1cc6bc', 'ba31cd4c2b514a3e944c2c6120e6a41d', '40288ab85a362150015a3675ca950006'),
('a474624b2e0d431ca820a896cc274937', '33e1a4bc19564211a46038a3ea1b20fe', '40288ab85a362150015a3675ca950006'),
('a4ce7bb81d3f458b91e91ccc422c88b2', '55df31718bb643d2af588ba308029649', '40288ab85a362150015a3675ca950006'),
('a6b051840a514242ae091b34e4b13f9a', '40288ab85a5eecc6015a5ef95c700004', '40288ab85a362150015a3675ca950006'),
('b9912cf4ce2845d1ac06380d99125f6b', 'e2ac085a9a9749d9932b8d73859ee954', '40288ab85a362150015a3675ca950006'),
('c0037a5d0fd944a2b7297e75de1a5171', '59d1613e398e4319b3564726bd670dbc', '40288ab85a362150015a3675ca950006'),
('c2c2021ad76b46e7a0d7c5a3f77dde34', 'fa2cce3b3cc3418e9aa152c07b619769', '40288ab85a362150015a3675ca950006'),
('c3260b9e667048a4b2aa0e6c2b6c0459', '8a386849563e437cac658fdda74ec7ee', '40288ab85a362150015a3675ca950006'),
('c49b8ea1315b4391b8847252de332dc2', '7387f5cbb61b47c69445a533b9a2de27', '40288ab85a362150015a3675ca950006'),
('c891d94aee294b3c9d2883dda634fce9', '4028ea815a701416015a70766a7a0020', '40288ab85a362150015a3675ca950006'),
('ce533c126f624e91a0e06dc700fd7304', '40281e815c54d147015c54daf16c0001', '40288ab85a362150015a3675ca950006'),
('d56448dbf14f4ea4a10f824708a258f5', '40288ab85a5eecc6015a5ef22ad80001', '40288ab85a362150015a3675ca950006'),
('d8eba376623343598c34cc2100af58b1', 'a2382df311694fae93d3e801798dd125', '40288ab85a362150015a3675ca950006'),
('d9619a88c642436fa1323993270dfd98', '40288ab85c33548d015c33cdc5a600f3', '40288ab85a362150015a3675ca950006'),
('dc21b64112664b70ab9cb9c94187b852', '004ef02eff6347de8b054834e37e7084', '40288ab85a362150015a3675ca950006'),
('e3621e4f9bfb482590d784f13b3890b9', 'd728a6f90d274d5daee3dde8c4c4e885', '40288ab85a362150015a3675ca950006'),
('e6743f92336c4a2cb6993ef14cc9d100', '93c7b840d2d449cc8c23f8f3195ede63', '40288ab85a362150015a3675ca950006'),
('ef66625ccbd34acfbd021eaf0c6396ba', '6f69b26a8a0c4117834f8742b22e5afc', '40288ab85a362150015a3675ca950006'),
('f0c668d4891b4e3c8545f9776d274278', '40288ab85a5eecc6015a5ef8f2890003', '40288ab85a362150015a3675ca950006'),
('fab5901b896543f1b8f6979ee2d3aa04', '40288ab85a5eecc6015a5ef9f6160005', '40288ab85a362150015a3675ca950006'),
('fe748797e2644b39aed86f8a2236177e', '82a341246ceb489f898333d3e6a622be', '40288ab85a362150015a3675ca950006');

-- 
-- Dumping data for table sys_sessions
--

-- Table company_shop.sys_sessions does not contain any data (it is empty)

-- 
-- Dumping data for table sys_user
--
INSERT INTO sys_user VALUES
('40288ab85ce3c20a015ce3ca6df60000', '测试用户', 'test', NULL, '2ebb8bee885791cb053cfe142353cb8a', '5a9d6207da81bd4c1cca29d5e3b6695b', '1161141839@qq.com', '18280399373', '1', NULL, NULL, '4028ea815a3d2a8c015a3d2f8d2a0002', '2018-08-24 17:36:44', NULL, '0'),
('4028ea815a3d2a8c015a3d2f8d2a0002', '系统管理员', 'admin', 'F:/Federation2.0/spring-boot-shop/tmp_upload/avatar/2018/12/07/1544167130202.png', 'd0d7b399371bbc49cb21d31ce46422e7', '93734a13b3513340db3e3666c2954dbf', '465265897@qq.com', '15928076015', '1', NULL, NULL, '4028ea815a3d2a8c015a3d2f8d2a0002', '2018-12-07 07:49:03', NULL, '0'),
('5c236f128614489ab54f7f4d5b859dc3', 'admin1', 'admin1', NULL, '269fd463a7340985229e224ebf60a351', 'a5194ec6d41efda2cd988b3ceb4bff27', '4652@qq.com', NULL, '1', NULL, '2018-12-24 07:31:43', NULL, NULL, NULL, '0');

-- 
-- Dumping data for table sys_user_organization
--
INSERT INTO sys_user_organization VALUES
('2a6fedbc887340fca68b2b377d35f39a', '40288ab85ce3c20a015ce3ca6df60000', '4028ea815a452f69015a45346f7b0001'),
('40281e815cfc4624015cfcc8c640000e', '40288ab85cf6aab4015cf6ecea890000', '40288ab85c20329e015c2037a7800003'),
('40281e815cfc4624015cfcc8c641000f', '40288ab85cf6aab4015cf6ecea890000', '40288ab85c20329e015c2037d2090004'),
('40281e815cfc4624015cfce005b3006e', '40281e815cfc4624015cfcce3d310029', '4028ea815a452f69015a45346f7b0001'),
('9ac4cf35fc33474ca0be229289285952', '40288ab85ce3c20a015ce3ca6df60000', '40288ab85b6080e1015b60996d690005'),
('c72514f8d6aa4456b93307f687e9b6c1', '4028ea815a3d2a8c015a3d2f8d2a0002', '40288ab85b6080e1015b60996d690005');

-- 
-- Dumping data for table sys_user_role
--
INSERT INTO sys_user_role VALUES
('4f4593ff063b4fd7a2eda05d028c8df4', '4028ea815a3d2a8c015a3d2f8d2a0002', '40288ab85a362150015a3675ca950006'),
('519fb0f440204d8db1b608fe93c31a35', '4028ea815a3d2a8c015a3d2f8d2a0002', '402880e45b5d7636015b5d8baca60000'),
('f938ba96fa1e40c78a09394d0dcd0785', '40288ab85ce3c20a015ce3ca6df60000', '402880e45b5d7636015b5d8baca60000');

-- 
-- Dumping data for table task_schedule_job
--

-- Table company_shop.task_schedule_job does not contain any data (it is empty)

-- 
-- Dumping data for table task_schedule_job_log
--

-- Table company_shop.task_schedule_job_log does not contain any data (it is empty)

-- 
-- Dumping data for table sys_dict
--
INSERT INTO sys_dict VALUES
('2a6cb5048f204a6d99f5ea6e8cf450bf', '0bf0a5f4378748c1b6b759aea7da9c72', '修改', 'update', 2, '修改', '4028ea815a3d2a8c015a3d2f8d2a0002', '2018-09-30 23:55:04', NULL, NULL, '0'),
('2abd99f7a44e4ef0937b97109b31db87', '9f28ef405c63412f9ef6524edb4adc68', '继续执行', '1', 1, '继续执行', '4028ea815a3d2a8c015a3d2f8d2a0002', '2018-09-17 15:37:58', NULL, NULL, '0'),
('30bf1683c3a54772bbc75193d8cc48ab', '0bf0a5f4378748c1b6b759aea7da9c72', '删除', 'delete', 5, '删除', '4028ea815a3d2a8c015a3d2f8d2a0002', '2018-09-30 23:55:29', NULL, NULL, '0'),
('39f8239fa07a49dda0f5427d750a8d9e', 'c8da4e4534924bb19cd106fbde174d4e', '一年授权', '1', 1, '一年授权', '4028ea815a3d2a8c015a3d2f8d2a0002', '2018-09-19 11:18:36', NULL, NULL, '0'),
('3e285e6650cb47f88f452e156b5bf903', '0bf0a5f4378748c1b6b759aea7da9c72', '导出', 'export', 7, '导出', '4028ea815a3d2a8c015a3d2f8d2a0002', '2018-09-30 23:56:28', NULL, NULL, '0'),
('40281e815ced1f27015ced2f83bc000b', '40281e815ced1f27015ced2be5330003', '男', '1', 1, '1', NULL, NULL, NULL, NULL, '0'),
('40281e815cef4f99015cef6f7d070005', '40281e815ced1f27015ced2be5330003', '女', '2', 1, '女', NULL, NULL, NULL, NULL, '0'),
('40288ab85a20b609015a20c422e90003', '40288ab85a20b609015a20c3f7bf0002', '是', '1', 1, '1', NULL, NULL, NULL, NULL, '0'),
('40288ab85a5eecc6015a5eede8720000', '40288ab85a20b609015a20c3f7bf0002', '否', '0', 2, '否', NULL, NULL, NULL, NULL, '0'),
('40288ab85bf1549e015bf175152a0001', '40288ab85bf1549e015bf17370ff0000', '在线', 'on_line', 1, '在线', NULL, NULL, NULL, NULL, '0'),
('40288ab85bf1549e015bf17559ac0002', '40288ab85bf1549e015bf17370ff0000', '隐身', 'hidden', 2, '隐身', NULL, NULL, NULL, NULL, '0'),
('40288ab85bf1549e015bf17590820003', '40288ab85bf1549e015bf17370ff0000', '强制退出', 'force_logout', 3, '强制退出', NULL, NULL, NULL, NULL, '0'),
('40288ab85c8593cd015c859b70010011', '40288ab85c8593cd015c859b1fcf0010', '验证码', '1', 1, '验证码', NULL, NULL, NULL, NULL, '0'),
('40288ab85c8593cd015c859b8ff50012', '40288ab85c8593cd015c859b1fcf0010', '通知', '2', 2, '通知', NULL, NULL, NULL, NULL, '0'),
('40288ab85c86382b015c863993a30002', '40288ab85c8593cd015c859b1fcf0010', '其他', '99', 99, '其他', NULL, NULL, NULL, NULL, '0'),
('406ee9ed59bc4810b0feb2aa16617706', '4ce6a66f28be454ba614339d0b018d4e', '目录', '1', 1, '目录', '4028ea815a3d2a8c015a3d2f8d2a0002', '2018-08-24 14:53:35', NULL, NULL, '0'),
('4335d86dce584400b739a9d62ddcb3f7', '79d26e50f69a45479bdac723beea4811', '已付款', '2', 2, '已付款', '4028ea815a3d2a8c015a3d2f8d2a0002', '2018-09-19 16:44:23', NULL, NULL, '0'),
('4d13a0afc66a41c5a892b677ecf51e5d', 'f8a0d22e387445b29f6c238e252c7068', '论坛', '论坛', 2, '论坛', '4028ea815a3d2a8c015a3d2f8d2a0002', '2018-09-01 15:23:09', NULL, NULL, '0'),
('4e23f0cd2a154d62bdd9417610ca2679', '0bf0a5f4378748c1b6b759aea7da9c72', '新增', 'insert', 1, '新增', '4028ea815a3d2a8c015a3d2f8d2a0002', '2018-09-30 23:54:48', NULL, NULL, '0'),
('5b905a49c182491988865986e4cc48e3', '9f28ef405c63412f9ef6524edb4adc68', '放弃执行', '3', 3, '放弃执行', '4028ea815a3d2a8c015a3d2f8d2a0002', '2018-09-17 15:38:20', NULL, NULL, '0'),
('6aeb216b950740c9ba61ba2994b4ce98', '9f28ef405c63412f9ef6524edb4adc68', '一次执行', '2', 2, '一次执行', '4028ea815a3d2a8c015a3d2f8d2a0002', '2018-09-17 15:38:10', NULL, NULL, '0'),
('72a55df5480c48b79e095eb5c6a4728f', 'd8fd027d0743468c828d7d068239d483', '成功', '1', 1, '成功', '4028ea815a3d2a8c015a3d2f8d2a0002', '2018-09-28 13:15:31', NULL, NULL, '0'),
('839273eee78947759bd8a980fcf77e99', '0bf0a5f4378748c1b6b759aea7da9c72', '查询', 'select', 3, '查询', '4028ea815a3d2a8c015a3d2f8d2a0002', '2018-09-30 23:55:13', NULL, NULL, '0'),
('8aa5b728b8c94bdcba0d54d4ba3ad8a1', '0a44514f07c64f2d867b5d88a879c795', '链接', 'view', 2, '链接', '4028ea815a3d2a8c015a3d2f8d2a0002', '2017-10-23 22:27:54', '4028ea815a3d2a8c015a3d2f8d2a0002', '2017-10-23 23:28:26', '0'),
('90f97d607fb745019c88e126b989fa8d', '7a4ed165f128484787a119179b7c18fd', '普通类', '2', 2, '普通类', '4028ea815a3d2a8c015a3d2f8d2a0002', '2018-08-20 15:00:56', '4028ea815a3d2a8c015a3d2f8d2a0002', '2018-09-17 17:57:04', '0'),
('91beec564eb04a3c9808f08c7a7aa086', '0a44514f07c64f2d867b5d88a879c795', '消息', 'click', 1, '1', '4028ea815a3d2a8c015a3d2f8d2a0002', '2017-10-23 22:27:32', '4028ea815a3d2a8c015a3d2f8d2a0002', '2017-10-23 23:28:34', '0'),
('95fe7c02adf345c68303c8da34e7cef4', '4ce6a66f28be454ba614339d0b018d4e', '菜单', '2', 2, '2', '4028ea815a3d2a8c015a3d2f8d2a0002', '2018-08-24 14:53:42', NULL, NULL, '0'),
('973bdbced7ef467fa9d21d65631fe8fc', '79d26e50f69a45479bdac723beea4811', '未付款', '1', 1, '未付款', '4028ea815a3d2a8c015a3d2f8d2a0002', '2018-09-19 16:44:06', NULL, NULL, '0'),
('a94650c480914ad69f4820b01086a8be', '7a4ed165f128484787a119179b7c18fd', 'SpringBean', '1', 1, 'SpringBean', '4028ea815a3d2a8c015a3d2f8d2a0002', '2018-08-20 15:00:31', '4028ea815a3d2a8c015a3d2f8d2a0002', '2018-08-24 12:36:33', '0'),
('aa6aeaf0fcaa42098f039b5e15494ebb', '0bf0a5f4378748c1b6b759aea7da9c72', '其他', 'other', 6, '其他', '4028ea815a3d2a8c015a3d2f8d2a0002', '2018-09-30 23:55:59', NULL, NULL, '0'),
('b568561ffaa5459e8c79fd71d58eede2', '0bf0a5f4378748c1b6b759aea7da9c72', '导入', 'import', 8, '导入', '4028ea815a3d2a8c015a3d2f8d2a0002', '2018-09-30 23:56:44', NULL, NULL, '0'),
('c44a4bdda43c4af1adb95ad7627f658e', '79d26e50f69a45479bdac723beea4811', '交易成功', '3', 3, '交易成功', '4028ea815a3d2a8c015a3d2f8d2a0002', '2018-09-19 16:44:40', NULL, NULL, '0'),
('de1ad2226ae04bb98f6db78ff9e7fee0', 'd8fd027d0743468c828d7d068239d483', '失败', '-1', 1, '失败', '4028ea815a3d2a8c015a3d2f8d2a0002', '2018-09-28 13:15:39', NULL, NULL, '0'),
('e64158128fd1400fb9f834c7a96a1046', 'd8fd027d0743468c828d7d068239d483', '退出', '0', 0, '退出', '4028ea815a3d2a8c015a3d2f8d2a0002', '2018-09-28 13:15:54', NULL, NULL, '0'),
('fb30cb9b10ed4a038ccc7d6137f68b3b', 'c8da4e4534924bb19cd106fbde174d4e', '永久授权', '2', 2, '永久授权', '4028ea815a3d2a8c015a3d2f8d2a0002', '2018-09-19 11:18:47', NULL, NULL, '0'),
('fbc892407e714426a62908397fc8512f', '4ce6a66f28be454ba614339d0b018d4e', '按钮', '3', 3, '按钮', '4028ea815a3d2a8c015a3d2f8d2a0002', '2018-08-24 14:53:51', NULL, NULL, '0'),
('fdd9f7e252fe46fb9dd99a46e292793b', '79d26e50f69a45479bdac723beea4811', '交易关闭', '4', 4, '交易关闭', '4028ea815a3d2a8c015a3d2f8d2a0002', '2018-09-19 16:44:49', NULL, NULL, '0');

-- 
-- Dumping data for table sys_message
--

-- Table company_shop.sys_message does not contain any data (it is empty)

-- 
-- Enable foreign keys
-- 
/*!40014 SET FOREIGN_KEY_CHECKS=@OLD_FOREIGN_KEY_CHECKS */;